Customer_Name,Email,Qty,AddressSusan Nicholson,suenicholson8@gmail.com,1,GBRbury103 ainsworth roadKlevis Peshtani,klevispguard-commercial@yahoo.com,1,USAMaspeth53-118 63StRichard Ramirez,richramhul148@gmail.com,1,USANew York217 east 29 streetNader Daou,nader.daou@live.com,1,USASpringfield Gardens182-21 150th AvenueJeff Starr,jeffreystar19@gmail.com,1,USAHamilton3399 south broad streetJeff Starr,jeffreystar19@gmail.com,1,USAHamilton3399 south broad streetJames Enscore,renscore@gmail.com,1,USAWinston Salem4070 Gumtree RdStuart Berman,forgiving_golf@yahoo.com,1,USABuffalo Grove76 Copperwood Drive