Customer_Name,Email,Qty,AddressThomas Parris,parristr@gmail.com,1,"142 summit street,Ishpeming,USA"Guy Torchia,guytorchia@yahoo.com,1,"24 HALSTEAD STREET,Kearny,USA"Dennis Glenn,dglennphd@yahoo.com,1,"1908 1ST ST,LANETT,USA"Steven Branda,steven_branda@yahoo.com,1,"18727 E Dorado Dr,Aurora,USA"Thomas Donnellan,tjdonne@aol.com,1,"4617 Deerfield Road,Hamburg,USA"Gloria Henson,glohenson1960@yahoo.com,2,"11 N. 51st. Street,Philadelphia,USA"Andreas Rieger,rieger-hb@gmx.de,1,"Kolpingstr.,Rheinbach,DEU"Stephen Lawrence,stephenjl77@icloud.com,1,"17 newby drive,Liverpool,GBR"